SNo,Actual,Predicted
0,0.55,0.5444685
1,0.45,0.45749328
2,-0.2,-0.21753037
3,-0.13,-0.1262978
4,-0.2,-0.15596038
5,0.028,0.030943133
